Title,Link
"Quickstart Guide
Yuzu
https://yuzu-emu.org › help › quickstart",https://yuzu-emu.org/help/quickstart/
"PrincessAkira/road-to-yuzu-without-switch: This Repo ...
GitHub
https://github.com › PrincessAkira › ro...",https://github.com/PrincessAkira/road-to-yuzu-without-switch
"Yuzu Nintendo Switch Emulator Setup Guide 2023 - YouTube
YouTube
https://www.youtube.com › watch",https://www.youtube.com/watch?v=wEru655nFiI
"Yuzu Emulator Guide & Tutorials: How to Setup ...
Prod Keys
https://theprodkeys.com › yuzu-emula...",https://theprodkeys.com/yuzu-emulator-guide/
"How to Setup Yuzu Nintendo Switch Emulator on Windows ...
TheNerdMag
https://thenerdmag.com › Gaming",https://thenerdmag.com/how-to-setup-yuzu-nintendo-switch-emulator-on-windows-10-and-play-switch-games/
